Tag,Username
@silly_turtle,John Walker
@silly_panda,John Martin
@noisy_eagle,Jane Lewis
@cheerful_rabbit,John Robinson
@swift_squirrel,Emma Thomas
@lazy_cobra,Ethan Martinez
@fierce_eagle,Alex Harris
@noisy_shark,Ryan Martin
@noisy_tiger,James Jackson
@cheerful_eagle,Ryan Anderson
@brave_raccoon,Alex Hall
@gloomy_cobra,Sophia Thompson
@bold_lion,Sophia Robinson
@grumpy_panda,Chris Taylor
@gentle_falcon,Emma Martin
@gentle_rabbit,Olivia Allen
@grumpy_fox,Mia Hall
@brave_deer,Isabella Lewis
@witty_shark,James Thomas
@sleepy_fox,Laura Smith
@curious_bear,Jessica Anderson
@curious_panda,James Harris
@gloomy_otter,Jessica Anderson
@happy_hedgehog,Ryan Jackson
@lucky_tiger,Ryan Allen
@swift_bear,James Thomas
@quiet_fox,David Clark
@cheerful_falcon,Alex Clark
@silly_cat,Jessica Martin
@swift_squirrel,Sarah Harris
@sloppy_raccoon,Jane Brown
@lucky_otter,Sarah Smith
@clumsy_eagle,Isabella Harris
@brave_owl,Mia Johnson
@bold_cobra,Alex Martin
@lazy_hedgehog,Laura Brown
@fierce_cobra,Emily Garcia
@noisy_shark,Jessica Robinson
@swift_eagle,Daniel Taylor
@grumpy_raccoon,Olivia Smith
@bold_owl,Michael Taylor
@bold_hedgehog,Emily Lewis
@grumpy_wolf,Michael Anderson
@gentle_panda,Laura Anderson
@curious_falcon,Daniel Walker
@cheerful_rabbit,Michael Lewis
@bold_rabbit,James Thomas
@quiet_tiger,Olivia Brown
@quiet_dog,James Thompson
@witty_deer,Jessica Garcia
@sloppy_cobra,Ryan Martinez
@lucky_squirrel,Sarah Hall
@swift_owl,Daniel Martinez
@sleepy_lion,James Brown
@curious_cat,Isabella White
@witty_otter,Daniel Taylor
@brave_panda,James Taylor
@quiet_otter,Jessica Walker
@clumsy_bear,Jessica Brown
@curious_raccoon,Sarah Hall
@lazy_otter,Mia Hall
@silly_turtle,Michael Brown
@sleepy_shark,David Martinez
@sloppy_cobra,James Johnson
@bold_panda,Emma Hall
@gentle_shark,Laura Allen
@grumpy_shark,Ethan White
@gentle_bear,Ryan Harris
@happy_fox,Ethan Walker
@brave_cobra,Alex Jackson
@cheerful_shark,Ryan Anderson
@brave_cat,Isabella Thompson
@grumpy_eagle,John Thomas
@sloppy_tiger,Emma Rodriguez
@brave_hedgehog,Sophia Lewis
@gentle_shark,Alex Brown
@shiny_fox,Michael Walker
@curious_panda,Michael Lewis
@gentle_turtle,Mia Rodriguez
@silly_squirrel,John Martinez
@fierce_squirrel,Benjamin Robinson
@grumpy_lion,Sarah Thompson
@bold_hedgehog,David Taylor
@brave_wolf,Sophia Taylor
@shiny_wolf,Daniel Rodriguez
@lazy_hedgehog,Sophia Harris
@lucky_hedgehog,Olivia Hall
@clumsy_tiger,Sophia Rodriguez
@swift_cobra,Emily Harris
@noisy_cobra,Mia Hall
@happy_squirrel,Chris Garcia
@gentle_panda,Chris Jackson
@lucky_eagle,John White
@brave_owl,John Rodriguez
@cheerful_falcon,Emily Brown
@brave_wolf,Jane Brown
@gloomy_squirrel,Michael Allen
@bold_otter,John Jackson
@gentle_bear,Alex Hall
@lucky_wolf,Isabella Robinson
